title,company,location,link
LG CNS,신입,서울,https://kr.indeed.com/jobs?q=python&l&vjk=c2d2972896b3c314&from=web&vjs=3
"ICT 이노베이션스퀘어 인공지능, 블록체인 교육생",사단법인 한국에이아이블록체인융합원,경상남도,https://kr.indeed.com/jobs?q=python&l&vjk=e96bcad1cdfad82b&from=web&vjs=3
Renewable Energy Analyst,DNV,서울,https://kr.indeed.com/jobs?q=python&l&vjk=cadddc1d517bc19b&from=web&vjs=3
[외국계 스타트업 미소] Business Analyst,유한회사 미소,서울,https://kr.indeed.com/jobs?q=python&l&vjk=51df90967b46e8f0&from=web&vjs=3
[신입/경력] 의료영상/음성인식/생체신호 연구원,뷰노코리아,서울 서초구,https://kr.indeed.com/jobs?q=python&l&vjk=c35e9b72a11aa338&from=web&vjs=3
Datacenter Engineer,Oracle,서울,https://kr.indeed.com/jobs?q=python&l&vjk=a692f83229bd339f&from=web&vjs=3
"Digital Innovation PM, Korea",Amazon Web Services Korea LLC,서울,https://kr.indeed.com/jobs?q=python&l&vjk=cb340349fea7454e&from=web&vjs=3
Product Test Engineer,NVIDIA,서울,https://kr.indeed.com/jobs?q=python&l&vjk=6cfffc13b8a012c3&from=web&vjs=3
전문연구요원 (병역특례) 수시 (AI / HW 분야),딥엑스,성남 분당구,https://kr.indeed.com/jobs?q=python&l&vjk=78e99625e5de3c95&from=web&vjs=3
[무료교육/취업지원]빅데이터분석 마케팅 전문가 과정 교육생,서울시북부여성발전센터,서울 노원구,https://kr.indeed.com/jobs?q=python&l&vjk=d3ff391f5940dbbc&from=web&vjs=3
데이터분석가 - Global Leading Consulting Firm,에스에프인촌,서울,https://kr.indeed.com/jobs?q=python&l&vjk=58dbf53217f95a1f&from=web&vjs=3
Student Training in Engineering Program 2022,구글코리아,서울 강남구,https://kr.indeed.com/jobs?q=python&l&vjk=1d10e47b8fc35819&from=web&vjs=3
Data Engineer (Analytics),비바리퍼블리카,서울 강남구,https://kr.indeed.com/jobs?q=python&l&vjk=23c6fc391cb50def&from=web&vjs=3
LG디스플레이,경력,경기도 파주,https://kr.indeed.com/jobs?q=python&l&vjk=41512d2fc23e197e&from=web&vjs=3
CJ그룹 신입사원,CJ그룹,서울 중구,https://kr.indeed.com/jobs?q=python&l&vjk=88a2cb181ab5a047&from=web&vjs=3
애플리케이션 개발자&컨설턴트 정규직,디지포머싸스랩,서울 강남구,https://kr.indeed.com/jobs?q=python&l&vjk=f8bfec7bfbdffd0a&from=web&vjs=3
CRM 및 마케팅 데이터분석 담당자 - 국내 대기업 계열사,라피플코리아리미티드,서울,https://kr.indeed.com/jobs?q=python&l&vjk=7fe0c284fbf4045f&from=web&vjs=3
"(주)이포즌 기술개발팀 신입 개발자 공개 (JAVA, 백엔드)",이포즌,서울 성동구,https://kr.indeed.com/jobs?q=python&l&vjk=e5665ab085514107&from=web&vjs=3
[컨트롤웍스] 제어엔지니어 신입,컨트롤웍스,서울 강남구,https://kr.indeed.com/jobs?q=python&l&vjk=32998063886b0d27&from=web&vjs=3
UX Researcher (정량/포트폴리오 없는 전형),비바리퍼블리카,서울 강남구,https://kr.indeed.com/jobs?q=python&l&vjk=aade49a93e474ed7&from=web&vjs=3
딥러닝 AI 개발 연구원,베이리스,성남 수정구,https://kr.indeed.com/jobs?q=python&l&vjk=87309d3ff40ead61&from=web&vjs=3
[포티투마루] 인공지능(AI) 개발자 전 부문,포티투마루,서울 서초구,https://kr.indeed.com/jobs?q=python&l&vjk=22ffe020e40de675&from=web&vjs=3
연구 개발 프로그래머 (키메이커팀),데브캣,서울 강남구,https://kr.indeed.com/jobs?q=python&l&vjk=a496eb791c052ca8&from=web&vjs=3
"Staff Software Engineer, Maps & Navigation, Seoul, Korea",Tesla,서울 강남구,https://kr.indeed.com/jobs?q=python&l&vjk=44f16e94e3e6b589&from=web&vjs=3
"영상처리, 컴퓨터 비전 전문가 (신입/경력)",에바,성남 수정구,https://kr.indeed.com/jobs?q=python&l&vjk=2642a83874ea6bab&from=web&vjs=3
"[Robotics] Robotics Software Engineer, Navigation",네이버,서울,https://kr.indeed.com/jobs?q=python&l&vjk=f21952a2d7a0bfd8&from=web&vjs=3
"[로봇개발본부(판교근무)] 각 분야별 (백엔드, WEB APP 개발, APP 개발)",트위니,성남 분당구,https://kr.indeed.com/jobs?q=python&l&vjk=46253fd5b203d931&from=web&vjs=3
2022년 과학기술분야 R&D 대체인력활용지원사업,한국여성과학기술인육성재단,서울 강남구,https://kr.indeed.com/jobs?q=python&l&vjk=743320ec5f17444d&from=web&vjs=3
[인재풀] 아티스트 ART,Electronic Arts,서울,https://kr.indeed.com/jobs?q=python&l&vjk=aac8e9355cb855ac&from=web&vjs=3
Data Engineer,비바리퍼블리카,서울 강남구,https://kr.indeed.com/jobs?q=python&l&vjk=e9488a828bb2c806&from=web&vjs=3
LG CNS,경력,서울,https://kr.indeed.com/jobs?q=python&l&vjk=6d86e9f32d31c84f&from=web&vjs=3
Jr. Back-end Engineer (Python),Soomgo,서울 강남구,https://kr.indeed.com/jobs?q=python&l&vjk=733b814969bff5a7&from=web&vjs=3
Advanced Support Engineer / Database & Cloud,Oracle,서울,https://kr.indeed.com/jobs?q=python&l&vjk=a364f937ff9aa591&from=web&vjs=3
[위메프서비스] E-Commerce 데이터엔지니어/NLP개발자,위메프,대한민국,https://kr.indeed.com/jobs?q=python&l&vjk=e36b281df2933890&from=web&vjs=3
Security Engineer,Amazon Web Services Korea LLC,서울,https://kr.indeed.com/jobs?q=python&l&vjk=563aeb6282c64984&from=web&vjs=3
웹프로그래머 (FrontEnd) 기업부설연구소 연구원 #python #js #FullStack #모바일,넥스텝코리아,서울 용산구,https://kr.indeed.com/jobs?q=python&l&vjk=7730a061f88d7d04&from=web&vjs=3
KAIST 문화기술연구소 비주얼미디어연구실(노준용 교수) 연수연구원 및 위촉연구원 모집 공고,카이스트,대전 유성구,https://kr.indeed.com/jobs?q=python&l&vjk=dc901a05e1e48a15&from=web&vjs=3
"백엔드, Python 외 경력 정규직",아토머스,서울 강남구,https://kr.indeed.com/jobs?q=python&l&vjk=f6a0cd3f6af36d15&from=web&vjs=3
Data Engineer (Analytics Product),비바리퍼블리카,서울 강남구,https://kr.indeed.com/jobs?q=python&l&vjk=9cfce6a40920af43&from=web&vjs=3
Backend Developer (Python/Senior/6년이상),위대한상상,서울 서초구,https://kr.indeed.com/jobs?q=python&l&vjk=d2d1c9f27cd54c1c&from=web&vjs=3
"Partner Technology Manager, YouTube (English, Korean)",YouTube,서울,https://kr.indeed.com/jobs?q=python&l&vjk=3569cddb459c3fb8&from=web&vjs=3
[무료교육/연계] 2022년 K-Digital 보안 전문가 과정 SK쉴더스 루키스 7기,에스케이쉴더스,경기도,https://kr.indeed.com/jobs?q=python&l&vjk=d750b32e62ec3cb6&from=web&vjs=3
[국비무료]2022년도 상반기 교육 훈련생,동대문여성인력개발센터,서울 동대문구,https://kr.indeed.com/jobs?q=python&l&vjk=358f413532f53323&from=web&vjs=3
AI Research Engineer,Intel,서울,https://kr.indeed.com/jobs?q=python&l&vjk=1bc6c09051f1d591&from=web&vjs=3
[실내배송로봇 연구개발] - Computer Vision & Machine learning Engineer,로보티즈,서울 강서구,https://kr.indeed.com/jobs?q=python&l&vjk=08f1a200826ddeda&from=web&vjs=3
빅데이터 리더 정규직,hTLM HR,안양 동안구,https://kr.indeed.com/jobs?q=python&l&vjk=f5db967bfdd0390f&from=web&vjs=3
코딩에 빠진 수퍼 개발자 (펌웨어 개발),에바,성남 수정구,https://kr.indeed.com/jobs?q=python&l&vjk=f54bac6c78fd3240&from=web&vjs=3
Data Analyst,컬리,서울 강남구,https://kr.indeed.com/jobs?q=python&l&vjk=7108966914d464f9&from=web&vjs=3
11번가 데이터 아키텍처/데이터 엔지니어 분야,십일번가,서울 중구,https://kr.indeed.com/jobs?q=python&l&vjk=baa14667578c611b&from=web&vjs=3
LG이노텍,경력,서울 강서구,https://kr.indeed.com/jobs?q=python&l&vjk=eda6ac5ce6aa942e&from=web&vjs=3
Data Scientist,Boston Consulting Group,서울,https://kr.indeed.com/jobs?q=python&l&vjk=ccd4f5407a32ba6a&from=web&vjs=3
[TmaxEdu/R&D] 연구 개발자,티맥스소프트,성남 분당구,https://kr.indeed.com/jobs?q=python&l&vjk=8b575ad0e0ca5ab2&from=web&vjs=3
AI + Visual Computing (Technical Solution Specialist ),Intel,서울,https://kr.indeed.com/jobs?q=python&l&vjk=6bcf941a0519ff5c&from=web&vjs=3
[대형증권사] IT퀀트 개발자,인코리아 프로페셔널,서울 강남구,https://kr.indeed.com/jobs?q=python&l&vjk=444bd32c9e95004a&from=web&vjs=3
[정규직] 5G 관련 프로그래머,플랙토리,서울 중구,https://kr.indeed.com/jobs?q=python&l&vjk=5162107e03dcb346&from=web&vjs=3
[클라우드플랫폼실] System Engineering팀 클라우드 엔지니어,야놀자,서울 강남구,https://kr.indeed.com/jobs?q=python&l&vjk=4ae5eb5bb613a826&from=web&vjs=3
한국전자금융 상반기 각 부문 신입/경력 직원,한국전자금융,서울,https://kr.indeed.com/jobs?q=python&l&vjk=f503ea0c3f9da195&from=web&vjs=3
[TmaxAI/R&D] NLP(자연어/문서/음성/감성분석)부문 개발자,티맥스소프트,성남 분당구,https://kr.indeed.com/jobs?q=python&l&vjk=5875c0fd88baa295&from=web&vjs=3
JAVA 개발자 (신입/연봉 2600만),㈜휴먼엔시스,서울,https://kr.indeed.com/jobs?q=python&l&vjk=0a39abf102694c6a&from=web&vjs=3
[빅데이터플랫폼] 데이터 엔지니어,한국카카오은행,성남 분당구,https://kr.indeed.com/jobs?q=python&l&vjk=4950f04cea0171c7&from=web&vjs=3
3D영상/딥러닝/메타버스 소프트웨어 개발자,엠앤앤에이치,서울 성동구,https://kr.indeed.com/jobs?q=python&l&vjk=ca36dad4ca9dec3e&from=web&vjs=3
서버개발자(벡앤드) 정규직,오비이랩,서울 강남구,https://kr.indeed.com/jobs?q=python&l&vjk=df228c302c3c8f9b&from=web&vjs=3
[경력직 ] 플랫폼혁신본부 빅데이터센터,NH투자증권,서울 영등포구,https://kr.indeed.com/jobs?q=python&l&vjk=7cf25362451d2281&from=web&vjs=3
국내 대기업 - AI 및 딥러닝 관련 경력자,라피플코리아리미티드,서울,https://kr.indeed.com/jobs?q=python&l&vjk=3b7dbdf85a326a6d&from=web&vjs=3
기계학습 기반 언어이해기술 개발자,에스케이텔레콤,서울 종로구,https://kr.indeed.com/jobs?q=python&l&vjk=808bedd4be53fe5d&from=web&vjs=3
"딥러닝, AI(컴퓨터비전) 분야 응용 프로그래머 (병역특례)",스칼라웍스,서울 금천구,https://kr.indeed.com/jobs?q=python&l&vjk=408ea2e44ae396bc&from=web&vjs=3
"[무료교육/취,창업지원] 2022년 인공지능 사관학교 3기 교육생",인공지능산업융합사업단,광주 북구,https://kr.indeed.com/jobs?q=python&l&vjk=a568b6e2930c75f0&from=web&vjs=3
A.I.개발자,파이프트리스마트팜,서울 송파구,https://kr.indeed.com/jobs?q=python&l&vjk=229eb9cfd32480ed&from=web&vjs=3
Django 서버 개발자 - 대전연구소,알고리즘랩스,대전 유성구,https://kr.indeed.com/jobs?q=python&l&vjk=5882d75839522aa0&from=web&vjs=3
"[신입,경력] 영상 인식 알고리즘 개발자",몹티콘,서울 구로구,https://kr.indeed.com/jobs?q=python&l&vjk=6328149f549ead92&from=web&vjs=3
2022년도 충청권 AI(인공지능) 교육생,청주대학교산학협력단,청주 상당구,https://kr.indeed.com/jobs?q=python&l&vjk=bdbcb246a8e4e6b8&from=web&vjs=3
Network Engineer,에스케이텔레콤,서울 중구,https://kr.indeed.com/jobs?q=python&l&vjk=67d71b8582529090&from=web&vjs=3
Data Scientist,비바리퍼블리카,서울 강남구,https://kr.indeed.com/jobs?q=python&l&vjk=68abc941e34e2394&from=web&vjs=3
"Software Engineer, Machine Learning Model Optimization",Google,서울,https://kr.indeed.com/jobs?q=python&l&vjk=4378fee2c37a2b21&from=web&vjs=3
주식회사 데이터스트림즈 기술연구소 Python/Java 개발자,데이터스트림즈,성남 분당구,https://kr.indeed.com/jobs?q=python&l&vjk=e1f6164f1d03449a&from=web&vjs=3
[네오컨버전스] 딥러닝 개발자 신입/경력 정규직,네오컨버전스,서울 성동구,https://kr.indeed.com/jobs?q=python&l&vjk=b03b8655f632f8f0&from=web&vjs=3
[외국계 스타트업 미소] Business Analyst Intern (정규직 전환형),유한회사 미소,서울,https://kr.indeed.com/jobs?q=python&l&vjk=4c25d6649f8434a8&from=web&vjs=3
Cloud Solution Engineer,Oracle,서울,https://kr.indeed.com/jobs?q=python&l&vjk=3f30b270fd650056&from=web&vjs=3
Machine Learning Specialist - FAE,Xilinx,서울,https://kr.indeed.com/jobs?q=python&l&vjk=aae434e3a956bec1&from=web&vjs=3
1분기 게임 서버 개발자 (신입/경력),이스트게임즈,서울 서초구,https://kr.indeed.com/jobs?q=python&l&vjk=dc793caf2ce3e2bb&from=web&vjs=3
[경일게임아카데미] 자바/ 파이썬(Java/ Python) 교강사,경일게임아카데미,서울 강동구,https://kr.indeed.com/jobs?q=python&l&vjk=19ed9eea769ce3ba&from=web&vjs=3
Business Consultant - Technology,RWS,서울,https://kr.indeed.com/jobs?q=python&l&vjk=c896322092980fcd&from=web&vjs=3
사물인터넷(IoT) 개발자 정규직,큐빅스,경기도 파주,https://kr.indeed.com/jobs?q=python&l&vjk=eaa02bda27910226&from=web&vjs=3
[kt ds] 2022년 각 부문별 경력사원 수시,케이티디에스,서울 서초구,https://kr.indeed.com/jobs?q=python&l&vjk=b515669e8032265b&from=web&vjs=3
[램플코딩학원] 온오프라인 코딩 강사,밸류에잇 벤처스,대전 서구,https://kr.indeed.com/jobs?q=python&l&vjk=3415a2ec10f41d98&from=web&vjs=3
"Cloud AI Engineer, Professional Services",Google,서울,https://kr.indeed.com/jobs?q=python&l&vjk=340fa2d2204cf879&from=web&vjs=3
커넥티드카 서비스 백엔드 소프트웨어 개발,현대자동차,서울 서초구,https://kr.indeed.com/jobs?q=python&l&vjk=dc3f14c2a401e713&from=web&vjs=3
가상자산 트레이딩 / 시스템 개발자,블록투리얼,서울 강남구,https://kr.indeed.com/jobs?q=python&l&vjk=c04680232735292a&from=web&vjs=3
[더존비즈온] 웹 Full stack 개발자 취업연계 교육과정,더존비즈온,부산 해운대구,https://kr.indeed.com/jobs?q=python&l&vjk=6b0780b8716241fe&from=web&vjs=3
1분기 게임 클라이언트 개발자 (신입/경력),이스트게임즈,서울 서초구,https://kr.indeed.com/jobs?q=python&l&vjk=22cd969d8399e6a3&from=web&vjs=3
LG전자,경력,,https://kr.indeed.com/jobs?q=python&l&vjk=d33c53ed30b00cf7&from=web&vjs=3
Cloud Engineer,IBM,서울,https://kr.indeed.com/jobs?q=python&l&vjk=246df17cfbfbf3b9&from=web&vjs=3
"Graphic ASIC Hardware Design Engineer (Seoul, South Korea)",Qcom,서울,https://kr.indeed.com/jobs?q=python&l&vjk=699a2794d7b3d9d7&from=web&vjs=3
ML Engineer,비바리퍼블리카,서울 강남구,https://kr.indeed.com/jobs?q=python&l&vjk=f7cfe0cad1c284d0&from=web&vjs=3
[인재 Pool / 상시 / 신입] R&D 박사,앰코테크놀로지코리아,인천 연수구,https://kr.indeed.com/jobs?q=python&l&vjk=effbbb23f6fae87d&from=web&vjs=3
백엔드 경력 정규직,라이트비전,서울 성동구,https://kr.indeed.com/jobs?q=python&l&vjk=db087eed12c6d159&from=web&vjs=3
[대형증권사] 자산배분전략 수립/모델개발,인코리아 프로페셔널,서울 강남구,https://kr.indeed.com/jobs?q=python&l&vjk=d4e40db6e9776da3&from=web&vjs=3
Validation Manager (CSS 모형),비바리퍼블리카,서울 강남구,https://kr.indeed.com/jobs?q=python&l&vjk=53123195365ac509&from=web&vjs=3
[ IT 취업 교육 ] 핀테크 기반 e-커머스 개발자 A ( 4/21~9/30 ),아이티윌 부산교육센터,부산 부산진구,https://kr.indeed.com/jobs?q=python&l&vjk=a06c450b47aba5b6&from=web&vjs=3
디지털 미디어 매니저(퍼포먼스&브랜딩) 신입/경력,스스스스,서울 서초구,https://kr.indeed.com/jobs?q=python&l&vjk=4d6fa0f1b9726d7c&from=web&vjs=3
"PHP, Python 신입/경력 정규직",비즈부스터,서울 금천구,https://kr.indeed.com/jobs?q=python&l&vjk=14d562d10c215572&from=web&vjs=3
빅데이터 분석기반/IoT기반 AI영상처리 개발자양성과정 교육생,고려대학교 세종캠퍼스,세종특별자치시 세종,https://kr.indeed.com/jobs?q=python&l&vjk=ac23269cdb96bcc3&from=web&vjs=3
Cross Border Ecommerce - Business Intelligence (Based in Seo...,Shopee,서울,https://kr.indeed.com/jobs?q=python&l&vjk=b574f1454ae36aab&from=web&vjs=3
클라우드 보안 서비스 담당자 [경력],씨디네트웍스,서울 강남구,https://kr.indeed.com/jobs?q=python&l&vjk=1286519b247e8402&from=web&vjs=3
[선행기술원] Backend SW 개발,현대자동차,성남 분당구,https://kr.indeed.com/jobs?q=python&l&vjk=926379138e1a2e48&from=web&vjs=3
인공지능(AI) 소프트웨어 개발자,우림아이씨티,성남 분당구,https://kr.indeed.com/jobs?q=python&l&vjk=6da9ecbd35365db0&from=web&vjs=3
Data Science Executive,NielsenIQ,서울,https://kr.indeed.com/jobs?q=python&l&vjk=9d65190a07b1dcd7&from=web&vjs=3
"Cloud Support Engineer, Big Data",Amazon Web Services Korea LLC,서울,https://kr.indeed.com/jobs?q=python&l&vjk=52991f44dd7ee1b7&from=web&vjs=3
[전문연구요원 신규편입/전직] SW Engineer/Backend/Frontend 개발자,뷰노코리아,서울 서초구,https://kr.indeed.com/jobs?q=python&l&vjk=c4145dce440c02f8&from=web&vjs=3
하드웨어 신입/경력 정규직,대영에스텍,대전 유성구,https://kr.indeed.com/jobs?q=python&l&vjk=5335ea43f5d9d6c0&from=web&vjs=3
시스템 운영(SE),위메이드엔터테인먼트,성남 분당구,https://kr.indeed.com/jobs?q=python&l&vjk=d5135980c5cda18d&from=web&vjs=3
[위메프] 신규서비스 ML엔지니어,위메프,대한민국,https://kr.indeed.com/jobs?q=python&l&vjk=38a26ad31307be21&from=web&vjs=3
응용소프트웨어 설계 및 개발(Python)_포항,유징테크,포항 남구,https://kr.indeed.com/jobs?q=python&l&vjk=9cc9f8d6f06c4b8b&from=web&vjs=3
개발자 경력/신입 사원 공개 채용,한국일보사,서울 남대문로5가,https://kr.indeed.com/jobs?q=python&l&vjk=f1971f45d0caf8ca&from=web&vjs=3
Python Developer (Internal Product),비바리퍼블리카,서울 강남구,https://kr.indeed.com/jobs?q=python&l&vjk=f9729d9496de6f1c&from=web&vjs=3
각 부문별 신입/경력사원,하이투자증권,대한민국,https://kr.indeed.com/jobs?q=python&l&vjk=a26513cb33e43433&from=web&vjs=3
Systems Engineer - Korea (1 year Contract),Fortinet,서울,https://kr.indeed.com/jobs?q=python&l&vjk=fe328d4d65e78fd6&from=web&vjs=3
[실내배송로봇 연구개발] - Robotics Software Engineer,로보티즈,서울 강서구,https://kr.indeed.com/jobs?q=python&l&vjk=4a3d80c0677225a6&from=web&vjs=3
파이썬 개발자 초중급 이상,데이터앤솔루션,서울 서초구,https://kr.indeed.com/jobs?q=python&l&vjk=d158e683dc0b7500&from=web&vjs=3
Data Engineer,위대한상상,서울 서초구,https://kr.indeed.com/jobs?q=python&l&vjk=050272c75761e089&from=web&vjs=3
DevSecOps Engineer,IBM,서울,https://kr.indeed.com/jobs?q=python&l&vjk=a0397bd0c63f81ea&from=web&vjs=3
[HDC 랩스] [ HDC 랩스 ] 개발자 경력사원,현대산업개발,서울특별시,https://kr.indeed.com/jobs?q=python&l&vjk=6051419fa103cd49&from=web&vjs=3
[NHN 패션고 코리아] 추천 통계 분석 및 모델 연구 개발,NHN] [NHN 패션고 코리아,성남 판교역,https://kr.indeed.com/jobs?q=python&l&vjk=e13c32ba4eff23da&from=web&vjs=3
[NAVER Cloud] Media 서비스 개발,네이버,서울,https://kr.indeed.com/jobs?q=python&l&vjk=f862c821b0734933&from=web&vjs=3
[웹젠] DBA(신입),웹젠,성남 분당구,https://kr.indeed.com/jobs?q=python&l&vjk=3990d417d2f5a517&from=web&vjs=3
Jr. Business Data Analyst,Soomgo,서울 강남구,https://kr.indeed.com/jobs?q=python&l&vjk=1cd2d977967bf716&from=web&vjs=3
Data Engineer(Python Backend 경력자),드림어스컴퍼니,서울 서초구,https://kr.indeed.com/jobs?q=python&l&vjk=37f9a4c57e50cade&from=web&vjs=3
Developer - Cloud Infrastructure,SAP,서울,https://kr.indeed.com/jobs?q=python&l&vjk=62b834a462370094&from=web&vjs=3
(주)웨이브웨어 2021 년도 신입사원 (프로그래머),웨이브웨어,대전 유성구,https://kr.indeed.com/jobs?q=python&l&vjk=68d62221f2d26c0e&from=web&vjs=3
"누리기술 C++, Python 소프트웨어 개발자",누리기술,대구 달서구,https://kr.indeed.com/jobs?q=python&l&vjk=ed34bf6f71a57ba0&from=web&vjs=3
AI 컨택센터 Sales 전문가,에스케이텔레콤,서울 중구,https://kr.indeed.com/jobs?q=python&l&vjk=0a97253017108427&from=web&vjs=3
LG에너지솔루션,신입,대전 유성구,https://kr.indeed.com/jobs?q=python&l&vjk=0106a964f3557fdb&from=web&vjs=3
[무료교육/연계] 인턴 인건비 지원 및 정규직 연계 교육생 (탄소중립 분야 에너지효율화),사단법인 한국이엠에스협회,서울 금천구,https://kr.indeed.com/jobs?q=python&l&vjk=b8df8e044cb7137e&from=web&vjs=3
지투알,경력,서울,https://kr.indeed.com/jobs?q=python&l&vjk=a5e926e1d22cdc11&from=web&vjs=3
ML Model Analyst,비바리퍼블리카,서울 강남구,https://kr.indeed.com/jobs?q=python&l&vjk=0d62d6963191cd4f&from=web&vjs=3
ML Modeler,비바리퍼블리카,서울 강남구,https://kr.indeed.com/jobs?q=python&l&vjk=f4e772a56254e105&from=web&vjs=3
[선행기술원] 퀀텀컴퓨팅 Simulation,현대자동차,성남 분당구,https://kr.indeed.com/jobs?q=python&l&vjk=933678a4234db119&from=web&vjs=3
Data Scientist,컬리,서울 강남구,https://kr.indeed.com/jobs?q=python&l&vjk=460b8ec177bf9fc4&from=web&vjs=3
[PPM솔루션 클로바인] 연구소 IT 테크 직군 운영관리 개발자,헤븐트리,대구 수성구,https://kr.indeed.com/jobs?q=python&l&vjk=6916bd41820052e9&from=web&vjs=3
FDS Modeler,비바리퍼블리카,서울 강남구,https://kr.indeed.com/jobs?q=python&l&vjk=8e95bd53805e022d&from=web&vjs=3
로데슈바르즈코리아 연구소 개발자,로데 슈바르즈 코리아,서울 강남구,https://kr.indeed.com/jobs?q=python&l&vjk=c0574107a4de85c1&from=web&vjs=3
"[광고 추천] 데이터 과학자, 기계학습(머신러닝) 전문가 모집",카카오,성남 판교역,https://kr.indeed.com/jobs?q=python&l&vjk=8c32b5db8ab28c7d&from=web&vjs=3
빅데이터 엔지니어 신입/경력 정규직,hTLM HR,안양 동안구,https://kr.indeed.com/jobs?q=python&l&vjk=4ceafc901a095d43&from=web&vjs=3
[경력] 클라우드 시스템 인프라 운영 경력사원 모집,교보문고,대한민국,https://kr.indeed.com/jobs?q=python&l&vjk=95c3a1f8a670596e&from=web&vjs=3
LG유플러스,경력,서울특별시,https://kr.indeed.com/jobs?q=python&l&vjk=3c3f9096fcea11a7&from=web&vjs=3
DevSecOps 엔지니어,위메이드엔터테인먼트,성남 분당구,https://kr.indeed.com/jobs?q=python&l&vjk=d3b773e9e01cfbc8&from=web&vjs=3
Web / Spring Framework 개발자,에릭슨엘지,서울 금천구,https://kr.indeed.com/jobs?q=python&l&vjk=3c1c5dc51d08cf18&from=web&vjs=3
Systems Engineer (Cloud) - Korea,Fortinet,서울,https://kr.indeed.com/jobs?q=python&l&vjk=09af3f1292a9cf45&from=web&vjs=3
Analog Verification Engineer,Dialog Semiconductor,대한민국,https://kr.indeed.com/jobs?q=python&l&vjk=0e8355b57923837c&from=web&vjs=3
Quantitative Researcher,WorldQuant,서울,https://kr.indeed.com/jobs?q=python&l&vjk=aa20b37148768ec5&from=web&vjs=3
Systems Engineer (Cloud) - Korea,Fortinet,서울,https://kr.indeed.com/jobs?q=python&l&vjk=09af3f1292a9cf45&from=web&vjs=3
Analog Verification Engineer,Dialog Semiconductor,대한민국,https://kr.indeed.com/jobs?q=python&l&vjk=0e8355b57923837c&from=web&vjs=3
Quantitative Researcher,WorldQuant,서울,https://kr.indeed.com/jobs?q=python&l&vjk=aa20b37148768ec5&from=web&vjs=3
"Senior Data Scientist, ML Solutions Lab",Amazon Web Services Korea LLC,서울,https://kr.indeed.com/jobs?q=python&l&vjk=bd82a05ca7a7bff5&from=web&vjs=3
8퍼센트 개발자 (신입/경력),8퍼센트,서울 종로구,https://kr.indeed.com/jobs?q=python&l&vjk=8af26b37623864c4&from=web&vjs=3
11번가 빅데이터 처리 시스템 개발 분야,십일번가,서울 중구,https://kr.indeed.com/jobs?q=python&l&vjk=c4f33d0fba06672e&from=web&vjs=3
Explainable AI 연구 개발 신입 채용,CJ올리브네트웍스,성남 서현동,https://kr.indeed.com/jobs?q=python&l&vjk=f94102acc758f433&from=web&vjs=3
Data Engineer,Soomgo,서울 강남구,https://kr.indeed.com/jobs?q=python&l&vjk=fda8eb786eca1d3b&from=web&vjs=3
웹시스템 및 솔루션 분야 프로그래머 및 웹퍼블리셔,위더스이십일,서울 금천구,https://kr.indeed.com/jobs?q=python&l&vjk=8e60094702b4fe05&from=web&vjs=3
[서울게임아카데미] 게임개발분야 국기 교육생,서울게임,서울 종로구,https://kr.indeed.com/jobs?q=python&l&vjk=28e8827913a5a90b&from=web&vjs=3
AWS Internship Program - Solutions Architect,Amazon Web Services Korea LLC,서울,https://kr.indeed.com/jobs?q=python&l&vjk=1e2dff19eb138a83&from=web&vjs=3
[NHN 패션고 코리아] 추천 시스템 개발,NHN] [NHN 패션고 코리아,성남 판교역,https://kr.indeed.com/jobs?q=python&l&vjk=135ebaa09a535c7e&from=web&vjs=3
Metaverse 서비스 Graphics 개발자,에스케이텔레콤,서울 중구,https://kr.indeed.com/jobs?q=python&l&vjk=115dad65945ac1a3&from=web&vjs=3
[신규연구과제/취업지원/무료교육] 2022년 바이오 의약 R&D 분석연구 전문교육 훈련생,한국여성과학기술인육성재단,서울 강남구,https://kr.indeed.com/jobs?q=python&l&vjk=86ac343b66b185b8&from=web&vjs=3
AI Software Engineer,GE Appliances,경기도 성남,https://kr.indeed.com/jobs?q=python&l&vjk=53fbfe54f327d9dc&from=web&vjs=3
LG경영연구원,경력,서울 영등포구,https://kr.indeed.com/jobs?q=python&l&vjk=080303106be4104e&from=web&vjs=3
데이터 엔지니어 경력 정규직,아이디케이스퀘어드,서울 중구,https://kr.indeed.com/jobs?q=python&l&vjk=8c8c96a3ffac77f8&from=web&vjs=3
[AI] 연구 개발,NHN] [AI,성남 판교역,https://kr.indeed.com/jobs?q=python&l&vjk=ef98c82fd130b9e1&from=web&vjs=3
전문연구요원 (병역특례) 수시 (AI / SW 분야),딥엑스,성남 분당구,https://kr.indeed.com/jobs?q=python&l&vjk=d83fc0dd2641f483&from=web&vjs=3
"웹개발, C·C++ 외 신입/경력 정규직",엔쓰리엔,서울 강남구,https://kr.indeed.com/jobs?q=python&l&vjk=9bd2048e4b1466d3&from=web&vjs=3
[쿠키런 : 마녀의성] 데이터 분석가,데브시스터즈,서울 강남구,https://kr.indeed.com/jobs?q=python&l&vjk=9cf0cfc08a28f815&from=web&vjs=3
"Software Engineer, gReach Program for People with Disabiliti...",Google,서울,https://kr.indeed.com/jobs?q=python&l&vjk=0907be3f74a45614&from=web&vjs=3
서버 개발자 Python(Django) Developer (신입/경력),아테나스랩,서울 마포구,https://kr.indeed.com/jobs?q=python&l&vjk=4a1c398653b0126a&from=web&vjs=3
Software Engineer (소프트웨어 개발자),지멘스헬시니어스,성남 분당구,https://kr.indeed.com/jobs?q=python&l&vjk=69a5690f8a4ca470&from=web&vjs=3
"[신입,경력] 스마트 교통시스템 임베디드 소프트웨어 개발자",몹티콘,서울 구로구,https://kr.indeed.com/jobs?q=python&l&vjk=0c512fb4dda00dea&from=web&vjs=3
11번가 검색서비스 개발 분야,십일번가,서울 중구,https://kr.indeed.com/jobs?q=python&l&vjk=bdd63bfed210dc2a&from=web&vjs=3
[DB금융투자] 2021년 하반기 신입사원 모집,DB그룹,서울 대치동,https://kr.indeed.com/jobs?q=python&l&vjk=109c5533ffdaaa84&from=web&vjs=3
1분기 웹 개발자 (신입/경력),이스트게임즈,서울 서초구,https://kr.indeed.com/jobs?q=python&l&vjk=69ab906877d48391&from=web&vjs=3
[전문연구요원] Software Engineer,Upstage,경기도 용인,https://kr.indeed.com/jobs?q=python&l&vjk=2615573761265171&from=web&vjs=3
"Software Engineer, Platforms and Ecosystems, Android Auto",Google,서울,https://kr.indeed.com/jobs?q=python&l&vjk=e8125ec0d7029bdc&from=web&vjs=3
Analog Design Engineer,Cirrus Logic,서울,https://kr.indeed.com/jobs?q=python&l&vjk=d193999bb6d038d4&from=web&vjs=3
추천시스템 개발자 영입,카카오페이,성남 분당구,https://kr.indeed.com/jobs?q=python&l&vjk=e6e0d114aeefdeb2&from=web&vjs=3
"Machine Learning - iOS Software Engineer,",Apple,서울,https://kr.indeed.com/jobs?q=python&l&vjk=78526735d90a85b9&from=web&vjs=3
Game Data Analyst (FPS),오피지지,서울 강남구,https://kr.indeed.com/jobs?q=python&l&vjk=b0e162f2a055cf89&from=web&vjs=3
Cloud Solution Architect,Oracle,서울,https://kr.indeed.com/jobs?q=python&l&vjk=dd1466e89a1e87b0&from=web&vjs=3
AI컨택센터 사업기획 전문가,에스케이텔레콤,서울 중구,https://kr.indeed.com/jobs?q=python&l&vjk=7d6d5cedae2ff741&from=web&vjs=3
"Graphic ASIC Hardware Design Engineer (Seoul, South Korea)",Qcom,서울,https://kr.indeed.com/jobs?q=python&l&vjk=699a2794d7b3d9d7&from=web&vjs=3
D-lab 팀원 모집,이지스자산운용,서울 여의도,https://kr.indeed.com/jobs?q=python&l&vjk=48c56fc0745c828e&from=web&vjs=3
[대형증권사] 금융특화 한글 음성합성(TTI),인코리아 프로페셔널,서울 강남구,https://kr.indeed.com/jobs?q=python&l&vjk=6f46c0e603f69576&from=web&vjs=3
AI컨택센터 상품 개발 전문가,에스케이텔레콤,서울 중구,https://kr.indeed.com/jobs?q=python&l&vjk=5b6d5ee7a759eea6&from=web&vjs=3
"Software Engineer, Android Connectivity",Google,서울,https://kr.indeed.com/jobs?q=python&l&vjk=cb973769974700e0&from=web&vjs=3
2022` 자율주행차량 HW/SW,케이스랩,광주 북구,https://kr.indeed.com/jobs?q=python&l&vjk=ea989b6e0d086311&from=web&vjs=3
"[리얼클래스]백엔드 개발자 (Backend Developer, Python)",퀄슨,서울 강남구,https://kr.indeed.com/jobs?q=python&l&vjk=4a1aa006f00eca8d&from=web&vjs=3
Cloud Support Engineer - Deployment,Amazon Web Services Korea LLC,서울,https://kr.indeed.com/jobs?q=python&l&vjk=05dad33354956148&from=web&vjs=3
2022년 [이공계] IoT 센서 활용 플랫폼 구축 위한 임베디드 SW개발자 과정 교육생,한컴아카데미,서울 영등포구,https://kr.indeed.com/jobs?q=python&l&vjk=58a2acc48f9dc16e&from=web&vjs=3
"Senior Prototyping Engineer - AMAZON Web Services, Korea",Amazon Web Services Korea LLC,서울,https://kr.indeed.com/jobs?q=python&l&vjk=9b7f390a3eb4fa7d&from=web&vjs=3
[강원/원주] 기술연구소 개발자 - 신입(수습3개월)& 경력,시야인터페이스,강원도 원주,https://kr.indeed.com/jobs?q=python&l&vjk=10fe73a4273056bd&from=web&vjs=3
Expat: Experimental Physicist Tuning and Monitoring,IMS Nanofabrication,경기도 화성,https://kr.indeed.com/jobs?q=python&l&vjk=c5a2d1029018e4ba&from=web&vjs=3
모바일 운영서비스 빌드/배포/테스트 자동화 개발자,브롤브,서울 마포구,https://kr.indeed.com/jobs?q=python&l&vjk=00b0f4d1f5f56d14&from=web&vjs=3
Data Analyst,뱅크샐러드,서울 영등포구,https://kr.indeed.com/jobs?q=python&l&vjk=49f11dfd7627efa4&from=web&vjs=3
"Data Engineer (Python, ETL)",Finsera,No office location,https://stackoverflow.com/jobs/536631
Backend Engineering Manager (Python) - Spekit - High Growth Series A Startup,SpekitviaSource Coders,No office location,https://stackoverflow.com/jobs/566634
Software Developer (Python),Picnic,"Amsterdam, Netherlands",https://stackoverflow.com/jobs/292346
Python Software Engineer,Captivation Software,"Fort Meade, MD",https://stackoverflow.com/jobs/525426
Python Developer suchen Kollegen (m/w/d),solute GmbH,"Karlsruhe, Deutschland",https://stackoverflow.com/jobs/284443
Backend Software Engineer - Python,Hubs,"Amsterdam, Netherlands",https://stackoverflow.com/jobs/543394
Python Data Engineer,Tech City Labs,"Reading, UK",https://stackoverflow.com/jobs/566099
Python/Django Developer (m/f/d),social sweethearts® GmbH,No office location,https://stackoverflow.com/jobs/566615
"Senior Software Engineer, Python",Chaturbate,"San Francisco, CA",https://stackoverflow.com/jobs/566183
Python Engineer,McD Tech Labs,"Mountain View, CA",https://stackoverflow.com/jobs/534766
Senior Backend Engineer (Python/Django) (m/f/d),Motius GmbH,"Belgrad, Serbien",https://stackoverflow.com/jobs/566601
Fullstack Engineer II (Python/Django/React),StyleSeat,No office location,https://stackoverflow.com/jobs/554278
Python Developer (Remote),X-Team,No office location,https://stackoverflow.com/jobs/534454
Python Software Engineer - International growing scale-up!,Channable,"Utrecht, Netherlands",https://stackoverflow.com/jobs/265091
"Tech Lead, Python Systems Engineering",McD Tech Labs,"Mountain View, CA",https://stackoverflow.com/jobs/523801
Python Entwickler*in Remote (f/m/d),Ambient,"Köln, Deutschland",https://stackoverflow.com/jobs/493874
Python Engineer for Climate Change - Budapest,MSCI,"Budapest, Hungary",https://stackoverflow.com/jobs/566493
Python Developer (Remote),Finsera,No office location,https://stackoverflow.com/jobs/524065
Senior Software Developer Python (m/f/d),Ströer Online Marketing,"Hamburg, Deutschland",https://stackoverflow.com/jobs/462625
Sr. Full Stack Engineer- Python,AutoTrader,"Toronto, ON, Canada",https://stackoverflow.com/jobs/529021
Python Engineer,Intel Corporation,"Gdańsk, Poland",https://stackoverflow.com/jobs/529943
Senior Python/Django Fullstack Developer (m/f/d) - On-site or Remote,social sweethearts® GmbH,"München, Deutschland",https://stackoverflow.com/jobs/566738
Senior Software Engineer (Python),HENNGE K.K.,"Tokyo, Japan",https://stackoverflow.com/jobs/555511
Senior Full Stack Engineer (Python/JavaScript),Night Market,No office location,https://stackoverflow.com/jobs/566448
Python-Entwickler (w/m/d),parcIT GmbH,"Köln, Germany",https://stackoverflow.com/jobs/566326
Lead Software Engineer - Python Focus Big Loop Systems (m/f/d),CARIAD,"Ingolstadt, Germany",https://stackoverflow.com/jobs/566377
Software Engineer (Python AWS),Wizeline,"Phường 12 (Quận 10), Vietnam",https://stackoverflow.com/jobs/487852
Full Stack Engineer (Mid-level - Python/JavaScript),Night Market,No office location,https://stackoverflow.com/jobs/566449
"Fullstack Software Entwickler - Python, .NET (m/w/d)",Comline Computer + Softwarelösungen SE,"Hamburg, Deutschland",https://stackoverflow.com/jobs/566662
"Senior IoT Software Engineer (M/W/D/) Python, C++",VISPIRON CHARGE-V GmbH,"München, Deutschland",https://stackoverflow.com/jobs/524044
Software Engineer - Machine Learning Team (Python/C++) (m/w/d),Volume Graphics GmbH,"Heidelberg, Deutschland",https://stackoverflow.com/jobs/550558
Senior Python Backend Engineer (Site Reliability Engineering) (f/m/d),Delivery Hero SE,"Berlin, Germany",https://stackoverflow.com/jobs/566684
"Junior IoT Developer (M/W/D) Python, C++",VISPIRON CHARGE-V GmbH,"München, Deutschland",https://stackoverflow.com/jobs/548810
"Python Developer, REMOTE",Pentalog,No office location,https://stackoverflow.com/jobs/566579
Software Engineer (Python Data Stack) (m/f/d),QuantCo,"Karlsruhe, Germany",https://stackoverflow.com/jobs/349976
"Senior Python Software Developer (m/f/d) @ our Partner ADSPERT (Berlin, remote)",solute GmbH,"Berlin, Deutschland",https://stackoverflow.com/jobs/547853
"IoT / Java, Python Entwickler (w/m/d) - bundesweit & Homeoffice",objective partner AG,"Weinheim, Deutschland",https://stackoverflow.com/jobs/550882
"Senior Data Engineer (Python, Kafka, Airflow)",AMBOSS,"Berlin, Germany",https://stackoverflow.com/jobs/415218
"Insider Threat Engineer, Remote, Banking, Finance, Python, information security",MUFG,No office location,https://stackoverflow.com/jobs/566297
"Senior .Net Developer for ML, Computer Vision and Python Algorithm development",MapLarge,No office location,https://stackoverflow.com/jobs/165235
"Software-Entwickler / Developer (w/m/d) Java, Python, UiPath - Operation Support",Daimler Group Services Berlin,"Berlin, Deutschland",https://stackoverflow.com/jobs/566052
C++/C Engineers required for leading Engineering company to work in Ireland.,"Arista Networks, Inc","Dublin 1, Ireland",https://stackoverflow.com/jobs/149576
DevOps Engineer with interesting scale up challenges,Channable,"Utrecht, Netherlands",https://stackoverflow.com/jobs/500253
Backend Developer,Octopus Energy,"London, UK",https://stackoverflow.com/jobs/197943
"Software Engineer, Backend",SmartNews,"Shibuya City, Japan",https://stackoverflow.com/jobs/208334
Backend Engineer - all levels at sustainable start-up (m/f/x)-Munich or Remote,FINN,"München, Germany",https://stackoverflow.com/jobs/331741
Senior/Staff Software Engineer,Coda Payments,No office location,https://stackoverflow.com/jobs/566756
Senior Software Developer (Full Stack),Jewel Paymentech Pte Ltd,Singapore,https://stackoverflow.com/jobs/534474
Software Engineer – Backend for FinTech Startup,Electrolux,"Stockholm, Sweden",https://stackoverflow.com/jobs/566720
Backend Developer - APIs Team,Octopus Energy,"London, UK",https://stackoverflow.com/jobs/533658
"Software Engineer, Python&TypeScript",Chaturbate,No office location,https://stackoverflow.com/jobs/566212
Backend Developer - APIs Team,Octopus Energy,"London, UK",https://stackoverflow.com/jobs/533658
Django Engineer (m/f/d) for Germany's leading local marketing platform,RegioHelden GmbH,"Stuttgart, Germany",https://stackoverflow.com/jobs/566661
Women in Leadership Tech -all levels at sustainable start-up (f/x) Munich/Remote,FINN,"München, Germany",https://stackoverflow.com/jobs/566709
Cloud Engineer - Remote/On-Site,eLearning Industry,"Athens, Greece",https://stackoverflow.com/jobs/566140
"Frontend Software Engineer, Business Integrity",ByteDance,Singapore,https://stackoverflow.com/jobs/553035
Software Developer Frontend / fullstack (all genders),meteocontrol GmbH,"Augsburg, Deutschland",https://stackoverflow.com/jobs/566507
Software Engineer - Backend (d/f/m),Stylight,"München, Deutschland",https://stackoverflow.com/jobs/566055
Tech Lead Engineering at sustainable start-up (m/f/x) - Munich/Remote,FINN,"München, Germany",https://stackoverflow.com/jobs/541678
(Senior) Data Engineer (all genders),Elinvar GmbH,"Berlin, Germany",https://stackoverflow.com/jobs/566723
Full-Stack Software Engineer (C# + .NET 6 / React + Typescript) (f/m/d),HeidelbergCement AG,"Heidelberg, Deutschland",https://stackoverflow.com/jobs/559624
Front End Software Engineer – HPC Products,DUG Technology,"West Perth, Australia",https://stackoverflow.com/jobs/528137
Remote Fullstack Entwicklerin (m/w/d),Ambient,"Köln, Deutschland",https://stackoverflow.com/jobs/552969
Senior Full Stack Software Engineer,kaliber.ai,No office location,https://stackoverflow.com/jobs/251476
"Backend Software Engineer, Video Infrastructure",ByteDance,Singapore,https://stackoverflow.com/jobs/547751
"Backend Software Engineer, Customer Service Platform",ByteDance,Singapore,https://stackoverflow.com/jobs/529048
Software Engineer in Test,McD Tech Labs,"Mountain View, CA",https://stackoverflow.com/jobs/523806
Women in Tech - all levels at sustainable start-up (f/x) - Munich or Remote,FINN,No office location,https://stackoverflow.com/jobs/565648
Full Stack Web Developer (m/w/d),solute GmbH,"Karlsruhe, Deutschland",https://stackoverflow.com/jobs/556141
"Full-Stack Developer, Research & Development",Houston Astros Baseball R&D,"Houston, TX",https://stackoverflow.com/jobs/536288
Lead Full-Stack Software Engineer (Tech Lead) (f/m/d),HeidelbergCement AG,"Heidelberg, Deutschland",https://stackoverflow.com/jobs/557326
Web Engineer,Signal AI,"London, UK",https://stackoverflow.com/jobs/273615
Software Engineer - Build the next generation of AI platform,Signal AI,"London, UK",https://stackoverflow.com/jobs/246027
Computer Vision Scientist (all genders),ImFusion GmbH,"Munich, Germany",https://stackoverflow.com/jobs/566753
Software Engineer (Monitoring System) - Working in Japan,LINE Fukuoka,"Fukuoka, Japan",https://stackoverflow.com/jobs/273841
Software Engineer in Test,Esri,"Redlands, CA",https://stackoverflow.com/jobs/561053
Software Engineer (Monitoring System) - Working in Japan,LINE Fukuoka,"Fukuoka, Japan",https://stackoverflow.com/jobs/273841
Software Engineer (Backend) (m/f/d),QuantCo,"Berlin, Germany",https://stackoverflow.com/jobs/409511
"Backend Software Engineer, Business Integrity",ByteDance,Singapore,https://stackoverflow.com/jobs/553036
"Senior Software Developer, REMOTE",Pentalog,No office location,https://stackoverflow.com/jobs/566592
Full Stack Developer (m/f/d) – Product Team,Boehringer Ingelheim,"Wien, Österreich",https://stackoverflow.com/jobs/566017
Front-End Software Engineer,HENNGE K.K.,"Tokyo, Japan",https://stackoverflow.com/jobs/381280
"Software Engineer, Platform Infrastructure",SmartNews,"Shibuya City, Japan",https://stackoverflow.com/jobs/448299
Control Software Designer C++,Topic Embedded Systems B.V.,"Best, Netherlands",https://stackoverflow.com/jobs/566736
System Engineer (f/m/d) Kubernetes,ADITION technologies AG,"Freiburg im Breisgau, Deutschland",https://stackoverflow.com/jobs/525462
Full Stack Engineer Intern,Odoo,"Buffalo, NY",https://stackoverflow.com/jobs/566730
Remote Software Engineer Internship,HENNGE K.K.,No office location,https://stackoverflow.com/jobs/518082
"Full-Stack Developer (JavaScript, Node.JS) - REMOTE",MUFG,No office location,https://stackoverflow.com/jobs/566296
Backend Software Engineer - Trust and Safety Engineering,ByteDance,Singapore,https://stackoverflow.com/jobs/546396
Software Engineer,The Orchard,"London, UK",https://stackoverflow.com/jobs/543314
Software Entwickler (m/w/d),NOVOMATIC AG,"Gumpoldskirchen, Österreich",https://stackoverflow.com/jobs/554829
C++ Software Engineer - Amsterdam,IMC Trading,"Amsterdam, Netherlands",https://stackoverflow.com/jobs/126614
"Lead Software Engineer, atma.io",atma.io,No office location,https://stackoverflow.com/jobs/566393
"Software Engineering, VP - New York, NY - Banking - Finance - JAVA - AWS - AZURE",MUFG,"New York, NY",https://stackoverflow.com/jobs/566312
Software Engineer,Odoo,"Ciudad de México, Mexico",https://stackoverflow.com/jobs/472421
Software Engineer,SUSE,No office location,https://stackoverflow.com/jobs/514397
Staff Site Reliability Engineer,McD Tech Labs,"Mountain View, CA",https://stackoverflow.com/jobs/534770
(Senior) Backend Engineer (m/w/d) - Trufa,Deloitte Deutschland,"Düsseldorf, Deutschland",https://stackoverflow.com/jobs/545254
"Softwarearchitekt Digitale Signalverarbeitung, Software Defined Radio (m/w/d)",Rheinmetall,"Bremen, Deutschland",https://stackoverflow.com/jobs/560043
Software Architect Lead,WeLab Bank Limited,Hong Kong,https://stackoverflow.com/jobs/565713
(Senior) Backend Developer (f/m/d) Big Data,ADITION technologies AG,"Freiburg im Breisgau, Deutschland",https://stackoverflow.com/jobs/304655
Staff Software Engineer C++ - Intelligent Data Aggregation (m/f/d),CARIAD,"Wolfsburg, Germany",https://stackoverflow.com/jobs/566379
Lead Data Scientist,Singapore Innovate Pte. Ltd,Singapore,https://stackoverflow.com/jobs/565885
Senior Software Engineer - tripleup.com,Triple for Numo,"Pittsburgh, PA",https://stackoverflow.com/jobs/545291
"DevOps Engineer, REMOTE",Pentalog,No office location,https://stackoverflow.com/jobs/566578
Remote Sr. Frontend Architect (React) - Spekit - High Growth Series B Startup,SpekitviaSource Coders,No office location,https://stackoverflow.com/jobs/566565
Software Engineer Frontend/Fullstack - Media & Services Hub (m/f/d),HolidayCheck Group AG,"München, Deutschland",https://stackoverflow.com/jobs/559404
Senior Machine Learning Engineer - OPEN TO REMOTE,The RealReal,"San Francisco, CA",https://stackoverflow.com/jobs/557022
Web Systems Engineer - HPC Products,DUG Technology,"West Perth, Australia",https://stackoverflow.com/jobs/528138
(Senior) Android Software Developer - Munich,Paradox Cat GmbH,"München, Deutschland",https://stackoverflow.com/jobs/181583
"Backend Tech Lead, Customer Service Platform",ByteDance,Singapore,https://stackoverflow.com/jobs/546681
(Senior) Software Developer (m/w/d),Bundesdruckerei-Gruppe,"Berlin, Deutschland",https://stackoverflow.com/jobs/566743
Software Engineer (m/w/d) Automation,H-TEC SYSTEMS GmbH,"Augsburg, Deutschland",https://stackoverflow.com/jobs/566540
System Engineer (m/w/d) Kubernetes/OpenShift,German Edge Cloud GmbH & Co. KG,"Limburg an der Lahn, Deutschland",https://stackoverflow.com/jobs/539732
Software Engineering Manager,iptiQ by Swiss Re,"Hoofddorp, Netherlands",https://stackoverflow.com/jobs/472051
Solutions Architect | Senior Consultant | DevOps | Remote,Copado Strategic Services,No office location,https://stackoverflow.com/jobs/517847
Software Design Engineer C#,Topic Embedded Systems B.V.,"Best, Netherlands",https://stackoverflow.com/jobs/566386
Senior Software Engineer / Ruby or Elixir/ Remote,The RealReal,No office location,https://stackoverflow.com/jobs/522850
Software Engineer,Odoo,"San Francisco, CA",https://stackoverflow.com/jobs/472407
"(Senior) Software Engineer, Embedded Systems (m/f/d)",tado GmbH,"München, Deutschland",https://stackoverflow.com/jobs/566734
DevOps or DevSecOps Engineer - WithMe Health,WithMe HealthviaSource Coders,No office location,https://stackoverflow.com/jobs/566758
Senior Software Engineer,Stardog Union,No office location,https://stackoverflow.com/jobs/521448
"Staff Software Engineer, Applied AI",McD Tech Labs,"Mountain View, CA",https://stackoverflow.com/jobs/523807
Backend Engineer - Tradeshift Engage,Tradeshift,"Aarhus, Denmark",https://stackoverflow.com/jobs/526909
Full Stack Engineer,Odoo,"Buffalo, NY",https://stackoverflow.com/jobs/558069
Java Software Engineer,IMC Trading,"Amsterdam, Netherlands",https://stackoverflow.com/jobs/122570
Software Integration AI Engineer,Intel Corporation,"George Town, Malaysia",https://stackoverflow.com/jobs/552554
Entwickler Embedded Software (m/w/d),IHSE GmbH,"Oberteuringen, Deutschland",https://stackoverflow.com/jobs/566700
"Software Engineer, Speech & Audio",ByteDance,Singapore,https://stackoverflow.com/jobs/553106
Senior Software Engineer,Stardog Union,No office location,https://stackoverflow.com/jobs/521448
(Junior) Data Engineer (m/f/x) onsite or remote (in Germany),Scalable Capital GmbH,"München, Deutschland",https://stackoverflow.com/jobs/516327
"Staff Software Engineer, Applied AI",McD Tech Labs,"Mountain View, CA",https://stackoverflow.com/jobs/523807
Backend Engineer - Tradeshift Engage,Tradeshift,"Aarhus, Denmark",https://stackoverflow.com/jobs/526909
Full Stack Engineer,Odoo,"Buffalo, NY",https://stackoverflow.com/jobs/558069
"Backend Tech Lead, Customer Service Platform",ByteDance,Singapore,https://stackoverflow.com/jobs/553813
(Senior) Data Visualisation Engineer (m/w/d),Bundesdruckerei-Gruppe,"Berlin, Deutschland",https://stackoverflow.com/jobs/566760
"Senior Manager of Software Engineering, Data Platform (Remote Eligible)",Flyr Inc,"Los Angeles, CA",https://stackoverflow.com/jobs/530715
Forensic Software Developer (Entry and Mid Levels),"Cipher Tech Solutions, Inc","Tampa, FL",https://stackoverflow.com/jobs/562286
Senior Software Engineer Fullstack Java (m/w/d),SCHUFA Holding AG,"Wiesbaden, Deutschland",https://stackoverflow.com/jobs/566435
Data Engineer for Insurtech Startup,iptiQ by Swiss Re,"Hoofddorp, Netherlands",https://stackoverflow.com/jobs/471200
Senior Software Developer Engineer in Test (SDET) - WithMe Health,WithMe HealthviaSource Coders,No office location,https://stackoverflow.com/jobs/566744
(Senior) Frontend Engineer (m/w/d) - Trufa,Deloitte Deutschland,"Düsseldorf, Deutschland",https://stackoverflow.com/jobs/533749
Fullstack Developer (m/w/d),German Edge Cloud GmbH & Co. KG,"Limburg an der Lahn, Deutschland",https://stackoverflow.com/jobs/539736
DevOps - System Admin (Remote),iubenda,"Milan, Italy",https://stackoverflow.com/jobs/566171
Software Engineer (m/w/d),Bühler Motor Aviation GmbH,"Uhldingen-Mühlhofen, Deutschland",https://stackoverflow.com/jobs/566574
Back-End Software Engineer,HENNGE K.K.,"Tokyo, Japan",https://stackoverflow.com/jobs/380985
Werkstudent Software Engineering Data & ML (m/w/d),QuantCo,"Karlsruhe, Deutschland",https://stackoverflow.com/jobs/328986
Senior Software Engineer - Data Lake,Mimecast,"London, UK",https://stackoverflow.com/jobs/558739
Software Entwickler*innen / Programmierer*innen,PNDetector GmbH,"München, Deutschland",https://stackoverflow.com/jobs/566513
Site Reliability Engineer,Zattoo,"Berlin, Germany",https://stackoverflow.com/jobs/565748
(Senior) Software Engineer- ADAS &amp; AD (m/f/d),CARIAD,"Munich, Germany",https://stackoverflow.com/jobs/566563
Software Engineer - Networking Applications,Intel Corporation,"Bengaluru, India",https://stackoverflow.com/jobs/539242
Software Engineer (HVM),Intel Corporation,"Kulim, Malaysia",https://stackoverflow.com/jobs/538188
Software Entwickler*innen / Programmierer*innen,PNDetector GmbH,"München, Deutschland",https://stackoverflow.com/jobs/566513
Site Reliability Engineer,Zattoo,"Berlin, Germany",https://stackoverflow.com/jobs/565748
"Testing Software Engineer, TikTok e-Commerce",ByteDance,Singapore,https://stackoverflow.com/jobs/533132
Embedded Software Engineer,Sonova AG,"Stäfa, Schweiz",https://stackoverflow.com/jobs/566268
R&D Full Stack Software Engineer (Experienced),Sandia National Laboratories,"Albuquerque, NM",https://stackoverflow.com/jobs/566344
Senior Software Engineer (Java) – Analytics & Data Infrastructure Team,Mimecast,"London, UK",https://stackoverflow.com/jobs/558740
*REMOTE* Lead (Senior) Kotlin & Java Engineer (m/f/x) High-Load Search-Engine,"AVANTGARDE - ""Creating Fans""",No office location,https://stackoverflow.com/jobs/529656
Software Development Engineer in Test,Intel Corporation,"Bengaluru, India",https://stackoverflow.com/jobs/539336
Staff Software Engineer – GPU-Computing Machine Learning (m/f/d),CARIAD,"Wolfsburg, Germany",https://stackoverflow.com/jobs/566378
Build Engineer - New Sci-Fi FPS IP,Creative Assembly,"Horsham, UK",https://stackoverflow.com/jobs/566137
Site Reliability Engineer - Infrastructure Engineering,ByteDance,Singapore,https://stackoverflow.com/jobs/553810
"Software Engineer Lead, Vice President - New York, NY - Banking - Financial",MUFG,"New York, NY",https://stackoverflow.com/jobs/566310
Build/Release Engineer,Tausight,No office location,https://stackoverflow.com/jobs/556779
DevOps- Engineer (m/w/d),Volume Graphics GmbH,"Heidelberg, Deutschland",https://stackoverflow.com/jobs/545615
Technical Support Engineer,Odoo,"San Francisco, CA",https://stackoverflow.com/jobs/558070
Senior Developer,American Logistics,No office location,https://stackoverflow.com/jobs/522889
Process Engineering Graduate Intern,Intel Corporation,"Albuquerque, NM",https://stackoverflow.com/jobs/531834
Senior Backend Engineer,McD Tech Labs,"Mountain View, CA",https://stackoverflow.com/jobs/523791
"Software Engineering, Analyst",MUFG,"Charlotte, NC",https://stackoverflow.com/jobs/559440
JR0178225 OpenIPC Senior Software Engineer,Intel Corporation,"Hillsboro, OR",https://stackoverflow.com/jobs/542196
Software Engineer Java (m/w/d),SCHUFA Holding AG,No office location,https://stackoverflow.com/jobs/566457
Senior Full-Stack Engineer with Node.js - Tradeshift Go,Tradeshift,"Bucharest, Romania",https://stackoverflow.com/jobs/526924
Software Test Automation Specialist (m/w/x),ZEISS Group,"München, Deutschland",https://stackoverflow.com/jobs/541069
Full Stack Engineer,Zattoo,"Berlin, Germany",https://stackoverflow.com/jobs/565749
"Software Engineer, Infrastructure, Education",Chan Zuckerberg Initiative,"Redwood City, CA",https://stackoverflow.com/jobs/565977
"Senior Software Engineer, Language",McD Tech Labs,"Mountain View, CA",https://stackoverflow.com/jobs/523798
Junior Backend Engineer (m/f/d),Relayr,"Katowice, Poland",https://stackoverflow.com/jobs/551592
Staff Software Engineer – GPU-Computing Machine Learning (m/f/d),CARIAD,"Wolfsburg, Germany",https://stackoverflow.com/jobs/566378
Software Validation Engineer,Intel Corporation,"Gdańsk, Poland",https://stackoverflow.com/jobs/529939
Software Developer (künstliche Intelligenz) - für E-Commerce Agentur in Bremen,hmmh multimediahaus AG,No office location,https://stackoverflow.com/jobs/529059
Cloud Software Performance Engineer,Intel Corporation,"Hillsboro, OR",https://stackoverflow.com/jobs/528554
Senior Data Engineer (Fully Remote),Call Simulator,"Tallahassee, FL",https://stackoverflow.com/jobs/566182
Senior Developer,American Logistics,No office location,https://stackoverflow.com/jobs/522889
Process Engineering Graduate Intern,Intel Corporation,"Albuquerque, NM",https://stackoverflow.com/jobs/531834
Senior Software Engineer - Material Analysis Team (C++) (m/w/d),Volume Graphics GmbH,"Heidelberg, Deutschland",https://stackoverflow.com/jobs/163095
Data Engineer,McD Tech Labs,"Mountain View, CA",https://stackoverflow.com/jobs/523793
Frontend Engineer (m/w/d),QuantCo,"Karlsruhe, Deutschland",https://stackoverflow.com/jobs/553014
Staff Machine Learning Engineer - REMOTE,The RealReal,"Remote, OR",https://stackoverflow.com/jobs/552039
Software Engineer,MUFG,"Charlotte, NC",https://stackoverflow.com/jobs/559421
"Software Engineer (Product Infrastructure), TikTok e-Commerce",ByteDance,Singapore,https://stackoverflow.com/jobs/533135
Senior DevOps Engineer,Tradeshift,"Bucharest, Romania",https://stackoverflow.com/jobs/526929
Full Stack Developer,Rakettitiede,"Helsinki, Finland",https://stackoverflow.com/jobs/522743
Senior Data Engineer - Recommendations (f/m/d),Delivery Hero SE,"Berlin, Germany",https://stackoverflow.com/jobs/565991
QA Tester,Self Decode,No office location,https://stackoverflow.com/jobs/561041
Process Engineering Graduate Intern,Intel Corporation,"Albuquerque, NM",https://stackoverflow.com/jobs/531835
Software Systems Engineer (80%-100%),Open Systems AG,"Zürich, Switzerland",https://stackoverflow.com/jobs/550751
Application Developer/Anwendungsentwickler (m/w/d),Element Six GmbH,"Burghaun, Deutschland",https://stackoverflow.com/jobs/566639
Software Test Automation Specialist (m/w/x),ZEISS Group,"München, Deutschland",https://stackoverflow.com/jobs/541069
QA Tester,Self Decode,No office location,https://stackoverflow.com/jobs/561041
Senior Data Engineer - Recommendations (f/m/d),Delivery Hero SE,"Berlin, Germany",https://stackoverflow.com/jobs/565991
Senior ML Engineer,Amaris.AI,Singapore,https://stackoverflow.com/jobs/533811
Process Engineering Graduate Intern,Intel Corporation,"Albuquerque, NM",https://stackoverflow.com/jobs/531835
Application Developer/Anwendungsentwickler (m/w/d),Element Six GmbH,"Burghaun, Deutschland",https://stackoverflow.com/jobs/566639
Sr. Data Pipeline Engineer - Top Wellness Marketplace Platform,StyleSeat,No office location,https://stackoverflow.com/jobs/525037
Software Engineer - Silicon Product Design,Intel Corporation,"Hillsboro, OR",https://stackoverflow.com/jobs/530198
Data Engineer (m/w/d),ARD-Programmdirektion,"München, Deutschland",https://stackoverflow.com/jobs/566568
Application Support Engineer,Derivco.,"Málaga, Spain",https://stackoverflow.com/jobs/565319
DevOps Engineer @ Nozomi Networks,Nozomi Networks,"Mendrisio, Switzerland",https://stackoverflow.com/jobs/555314
Data Architect mit einem Flair für AI,ti&m AG,"Zürich, Schweiz",https://stackoverflow.com/jobs/522399
Softwareentwickler* HiL und Prüfstände,EDAG Group,"Ingolstadt, Deutschland",https://stackoverflow.com/jobs/566456
Wireless Communication Engineer - Working Student (m/f/d),Motius GmbH,"München, Deutschland",https://stackoverflow.com/jobs/566740
Senior React Developer | Contractor | Remote,Copado Strategic Services,No office location,https://stackoverflow.com/jobs/545086
DevOps Manager/Architect,Self Decode,No office location,https://stackoverflow.com/jobs/566409
Software Designer,Topic Embedded Systems B.V.,"Best, Netherlands",https://stackoverflow.com/jobs/566186
Data Engineer – Data Warehouse,Shopee Singapore Private Limited,Singapore,https://stackoverflow.com/jobs/565914
Data Engineer (Remote),X-Team,No office location,https://stackoverflow.com/jobs/534443
Site Reliability Engineer,Flow Traders,"Amsterdam, Netherlands",https://stackoverflow.com/jobs/381007
Senior Software Engineer for growing VC-backed UK startup (based in UK/Europe),Snowplow Analytics,No office location,https://stackoverflow.com/jobs/536083
Data Engineer,Coda Payments,No office location,https://stackoverflow.com/jobs/557317
Cloud Architect (m/w/d),dx.one GmbH,"Berlin, Deutschland",https://stackoverflow.com/jobs/566729
Mobile APP Developers - Leading Electronics Company,Pyronix,"Doncaster, UK",https://stackoverflow.com/jobs/524940
Software Engineer - Robotics (m/f/d),Motius GmbH,"München, Deutschland",https://stackoverflow.com/jobs/545488
DevOps Engineer,Picnic,"Amsterdam, Netherlands",https://stackoverflow.com/jobs/166839
Senior Software Engineer for growing VC-backed UK startup (based in UK/Europe),Snowplow Analytics,No office location,https://stackoverflow.com/jobs/536083
Senior Software Engineer,Intel Corporation,"Bengaluru, India",https://stackoverflow.com/jobs/539300
Data Engineer,Coda Payments,No office location,https://stackoverflow.com/jobs/557317
Software Developer,SUSE,No office location,https://stackoverflow.com/jobs/558030
Senior Go Lang Developer | Contractor | Remote,Copado Strategic Services,No office location,https://stackoverflow.com/jobs/552166
"Senior Software Engineer, Infrastructure, Education",Chan Zuckerberg Initiative,"Redwood City, CA",https://stackoverflow.com/jobs/537683
Cloud Software Engineer,Intel Corporation,"Gdańsk, Poland",https://stackoverflow.com/jobs/529942
Senior Data Engineer,Lobster Ink Technologies,"Amsterdam, Netherlands",https://stackoverflow.com/jobs/566626
Intermediate Observability Engineer,Derivco.,"Umhlanga, South Africa",https://stackoverflow.com/jobs/528647
Staff Machine Learning Engineer - Computer Vision (m/f/d),CARIAD,"Wolfsburg, Germany",https://stackoverflow.com/jobs/566380
Cloud Software Developer,Intel Corporation,"Guadalajara, Mexico",https://stackoverflow.com/jobs/557644
Automation Developer - Operations,MHR,"Ruddington, UK",https://stackoverflow.com/jobs/544506
Data Engineer,Hubs,"Amsterdam, Netherlands",https://stackoverflow.com/jobs/558873
Softwareentwickler*in IDA/Big Data,Atruvia AG,"Karlsruhe, Deutschland",https://stackoverflow.com/jobs/566537
Java Entwickler (m/w/d),STAR COOPERATION GmbH,"Böblingen, Deutschland",https://stackoverflow.com/jobs/566498
"Site Reliability Engineer, Recommendation Architecture",ByteDance,Singapore,https://stackoverflow.com/jobs/553104
Junior Systems Engineer – Entwicklung und Test vernetzter Funktionen,IAV GmbH,"Gaimersheim, Deutschland",https://stackoverflow.com/jobs/566464
Site Reliability Engineer- ArcGIS Online,Esri,"Redlands, CA",https://stackoverflow.com/jobs/552702
Cloud Software Engineer,Intel Corporation,"Guadalajara, Mexico",https://stackoverflow.com/jobs/536886
DevOps Engineer,Flyr Inc,No office location,https://stackoverflow.com/jobs/522896
"Software Engineering, AVP - Hybrid, Charlotte, NC, CI/CD principle, Atlassian",MUFG,"Charlotte, NC",https://stackoverflow.com/jobs/566302
DevOps Manager/Architect,Self Decode,No office location,https://stackoverflow.com/jobs/557000
"Container Platform Engineer, Vice President",MUFG,No office location,https://stackoverflow.com/jobs/559420
Software Development Engineer in Test,"ESO Solutions, Inc.","Belfast, UK",https://stackoverflow.com/jobs/528503
Senior Data Engineer E-Commerce (m/w/d),Peek & Cloppenburg,"Düsseldorf, Germany",https://stackoverflow.com/jobs/565672
Software Development Engineer in Test,"ESO Solutions, Inc.","Belfast, UK",https://stackoverflow.com/jobs/528503
Cloud Solutions Architect for Climate Change - Zurich,MSCI,"Zürich, Switzerland",https://stackoverflow.com/jobs/566491
"Systems Engineering, Analyst",MUFG,"Charlotte, NC",https://stackoverflow.com/jobs/559441
Software-Entwickler Excel-Datenschnittstellen und Reports (m/w/d),PSI Software AG Geschäftsbereich PSI Gasnetze und Pipelines,"Berlin, Deutschland",https://stackoverflow.com/jobs/566502
Senior Software Engineer,Administrate,"Edinburgh, UK",https://stackoverflow.com/jobs/522939
Automotive Security Engineer (m/w/d),Method Park,"Erlangen, Deutschland",https://stackoverflow.com/jobs/558406
"Tech Lead, Machine Learning Evaluation",McD Tech Labs,"Mountain View, CA",https://stackoverflow.com/jobs/523812
Developer Advocate,Supermetrics Oy,"Helsinki, Finland",https://stackoverflow.com/jobs/566093
"Senior Software Engineer, Embedded Systems (m/f/d)",tado GmbH,No office location,https://stackoverflow.com/jobs/566398
Entwickler FPGA Firmware (m/w/d),IHSE GmbH,"Oberteuringen, Deutschland",https://stackoverflow.com/jobs/566699
Machine Learning Engineer (m/f/x),ING Deutschland,"Frankfurt am Main, Deutschland",https://stackoverflow.com/jobs/565982
"DevOps Engineer, Cloud Data Warehouse",ByteDance,Singapore,https://stackoverflow.com/jobs/550284
Machine Learning Engineer,Relay42,"Amsterdam, Netherlands",https://stackoverflow.com/jobs/469169
Head of Scientific Computing (m/f/div),Max Planck Institute for Neurobiology of Behavior – caesar,"Bonn, Deutschland",https://stackoverflow.com/jobs/566074
Consultant (m/w/d)/ Developer (m/w/d) Robotic Process Automation (RPA),STAR COOPERATION GmbH,"Böblingen, Deutschland",https://stackoverflow.com/jobs/566512
Test Process and Module Engineer (Platform),Intel Corporation,"George Town, Malaysia",https://stackoverflow.com/jobs/552555
Senior Data Engineer - Ad Tech (f/m/d),Delivery Hero SE,"Berlin, Germany",https://stackoverflow.com/jobs/566539
Informatiker*in für den Bereich Verkehrsmesstechnik,VITRONIC Dr.-Ing. Stein Bildverarbeitungssysteme GmbH,"Wiesbaden, Deutschland",https://stackoverflow.com/jobs/566725
"Software Engineer, AVP",MUFG,"Charlotte, NC",https://stackoverflow.com/jobs/559429
Senior Software Engineer,Administrate,No office location,https://stackoverflow.com/jobs/522940
Senior DevOps Engineer,Self Decode,No office location,https://stackoverflow.com/jobs/566351
Full Stack Developer,BOTS by RevenYOU,"Haarlem, Netherlands",https://stackoverflow.com/jobs/533368
(Junior) Consultant (m/w/d) - IT Implementierungsspezialist / Global Employer Se,Deloitte Deutschland,"Düsseldorf, Deutschland",https://stackoverflow.com/jobs/556992
Cloud Native Senior Software Engineer,Intel Corporation,"Dublin, Ireland",https://stackoverflow.com/jobs/548771
Product Engineer I - Real Time & Big Data,Esri,"Redlands, CA",https://stackoverflow.com/jobs/566044
Automotive Security Engineer (m/w/d),Method Park,"Erlangen, Deutschland",https://stackoverflow.com/jobs/558406
Machine Learning Engineer,Relay42,"Amsterdam, Netherlands",https://stackoverflow.com/jobs/469169
DevOps Cloud Engineer (Kubernetes) - Remote,IG Group,No office location,https://stackoverflow.com/jobs/532885
Systems Engineer – Entwicklung und Test vernetzter Funktionen,IAV GmbH,"Gaimersheim, Deutschland",https://stackoverflow.com/jobs/566463
(Junior) Consultant (m/w/d) - IT Implementierungsspezialist / Global Employer Se,Deloitte Deutschland,"Düsseldorf, Deutschland",https://stackoverflow.com/jobs/556992
Cloud Native Senior Software Engineer,Intel Corporation,"Dublin, Ireland",https://stackoverflow.com/jobs/548771
Full Stack Developer,BOTS by RevenYOU,"Haarlem, Netherlands",https://stackoverflow.com/jobs/533368
Ethernet Technologies Software Applications Engineer - DPDK,Intel Corporation,"Hillsboro, OR",https://stackoverflow.com/jobs/530199
"DevOps Engineer, Cloud Data Warehouse",ByteDance,Singapore,https://stackoverflow.com/jobs/550284
DevSecOps Consultant,Ensign InfoSecurity (Cybersecurity) Pte Ltd,Singapore,https://stackoverflow.com/jobs/534274
"Tech Lead Engineering Manager, Business Integrity",ByteDance,Singapore,https://stackoverflow.com/jobs/553100
DevOps Developer,ECi Software Solutions,No office location,https://stackoverflow.com/jobs/566558
Senior Data Engineer - Ad Tech (f/m/d),Delivery Hero SE,"Berlin, Germany",https://stackoverflow.com/jobs/566539
"Lead, Automation Engineer",Revance,"Pleasanton, CA",https://stackoverflow.com/jobs/566559
Forensic Software Developer - Technical Team Lead,"Cipher Tech Solutions, Inc","Tampa, FL",https://stackoverflow.com/jobs/566713
"Mathematiker, Physiker, Ing. Luft- und Raumfahrttech., Maschinenbau o.ä. (w/m/d)",Deutsches Zentrum für Luft- und Raumfahrt e. V. (DLR),"Göttingen, Deutschland",https://stackoverflow.com/jobs/566144
Senior Data Scientist,Choose Your Challenge - Data Careers at Boehringer Ingelheim,"Ingelheim am Rhein, Germany",https://stackoverflow.com/jobs/566536
IT System Engineer (m/w/d),SoSafe GmbH,"Köln, Deutschland",https://stackoverflow.com/jobs/566490
Senior DevOps Engineer (Nordic or Germany),Nets Group,"Helsingfors, Finland",https://stackoverflow.com/jobs/565836
Full Stack Lead/Architect (Sr. Deep Learning R and D Engineer),Intel Corporation,"Bengaluru, India",https://stackoverflow.com/jobs/539294
DevOps Engineer (m/f/x),Worldline Germany GmbH,"Aachen, Deutschland",https://stackoverflow.com/jobs/566649
"Senior Support Engineer, atma.io",atma.io,"Zagreb, Croatia",https://stackoverflow.com/jobs/566442
"Tech Lead, Data Infrastructure",McD Tech Labs,"Mountain View, CA",https://stackoverflow.com/jobs/523800
Senior Cloud Software Engineer,Intel Corporation,"Shanghai, China",https://stackoverflow.com/jobs/540182
Head of Shipping Data Science (ML),eBay,"Bellevue, WA",https://stackoverflow.com/jobs/565971
Senior Cloud Software Engineer,Intel Corporation,"Shanghai, China",https://stackoverflow.com/jobs/540182
Senior DevSecOps Engineer - Remote,MUFG,No office location,https://stackoverflow.com/jobs/559427
Senior Software Engineer,Administrate,No office location,https://stackoverflow.com/jobs/522941
Senior DevOps Engineer,Supermetrics Oy,No office location,https://stackoverflow.com/jobs/565891
"Site Reliability Engineer, Video Infrastructure",ByteDance,Singapore,https://stackoverflow.com/jobs/547753
Data Engineer (m/w/d) | The Garage,Deloitte Deutschland,"Düsseldorf, Deutschland",https://stackoverflow.com/jobs/545256
Senior DevOps Engineer,AIR MILES,"Toronto, ON, Canada",https://stackoverflow.com/jobs/539243
DevOps Engineer  (Jede*r),tarent solutions GmbH,No office location,https://stackoverflow.com/jobs/555101
Software Engineering Manager,Intel Corporation,"Bengaluru, India",https://stackoverflow.com/jobs/539256
Staff Site Reliability Engineer (Traffic),"Wikimedia Foundation, Inc.",No office location,https://stackoverflow.com/jobs/566247
Cloud Platform Engineer (d/m/w) Data & Analytics,DEVK Versicherungen,"Köln, Deutschland",https://stackoverflow.com/jobs/526685
Senior iOS engineer - ux + video,SmileDirectClub,No office location,https://stackoverflow.com/jobs/546573
Senior DevOps Engineer,Zenjob,"Berlin, Germany",https://stackoverflow.com/jobs/552356
Senior DevOps Engineer,Supermetrics Oy,No office location,https://stackoverflow.com/jobs/559002
Senior Security Analyst (d/m/w) Schwerpunkt IDS und Bedrohungsanalyse,DEVK Versicherungen,"Köln, Deutschland",https://stackoverflow.com/jobs/524954
Sr. DevOps Enigneer,StyleSeat,No office location,https://stackoverflow.com/jobs/566703
Experienced Data Engineer,Accenture Romania,"Bucharest, Romania",https://stackoverflow.com/jobs/525561
DevOps Engineer,Esri,"Redlands, CA",https://stackoverflow.com/jobs/566039
Senior SRE / DevOps Engineer (m/f/d),CARIAD,"Wolfsburg, Germany",https://stackoverflow.com/jobs/561427
McCloud HPC Expert,DUG Technology,"West Perth, Australia",https://stackoverflow.com/jobs/396027
Ecosystems Software Engineer,Intel Corporation,"George Town, Malaysia",https://stackoverflow.com/jobs/552553
Senior Machine Learning/ Deep Learning Engineer (m/f/d),Motius GmbH,"München, Deutschland",https://stackoverflow.com/jobs/565744
Data Scientist (d/m/w),DEVK Versicherungen,"Köln, Deutschland",https://stackoverflow.com/jobs/533653
Senior Android Engineer,Livefront,"Minneapolis, MN",https://stackoverflow.com/jobs/521510
Ecosystems Software Engineer,Intel Corporation,"George Town, Malaysia",https://stackoverflow.com/jobs/552553
Senior Client Side Developer (m/w/d),Basler AG,"Hamburg, Deutschland",https://stackoverflow.com/jobs/566446
Senior Infra and DevSecOps Engineer,Amaris.AI,Singapore,https://stackoverflow.com/jobs/533810
Senior DevOps Engineer,Supermetrics Oy,No office location,https://stackoverflow.com/jobs/559002
Senior Cloud Software Engineer,Intel Corporation,"Shanghai, China",https://stackoverflow.com/jobs/540182
Deep Learning System Frameworks Engineer,Intel Corporation,"Shanghai, China",https://stackoverflow.com/jobs/543845
Frontend Developer,Octopus Energy,"London, UK",https://stackoverflow.com/jobs/533659
Solution Engineer (m/w/d) - Cloud AWS,Deloitte Deutschland,"Düsseldorf, Deutschland",https://stackoverflow.com/jobs/533754
Senior Machine Learning/ Deep Learning Engineer (m/f/d),Motius GmbH,"München, Deutschland",https://stackoverflow.com/jobs/565744
Manager - Data Reliability Engineer,McDonald's Corporation,"Chicago, IL",https://stackoverflow.com/jobs/556557
Senior Cloud Infrastructure Engineer - OPEN TO REMOTE,The RealReal,"San Francisco, CA",https://stackoverflow.com/jobs/552029
Senior DevSecOps Engineer - REMOTE,MUFG,No office location,https://stackoverflow.com/jobs/559426
Senior DevOps Engineer,AIR MILES,"Toronto, ON, Canada",https://stackoverflow.com/jobs/539243
Senior Solution Engineer (m/w/d) - Cloud Azure Expert,Deloitte Deutschland,"Düsseldorf, Deutschland",https://stackoverflow.com/jobs/533755
Consultant (m/w/d) - Digital Forensics/Cyber Forensics,Deloitte Deutschland,"Düsseldorf, Germany",https://stackoverflow.com/jobs/566199
Software Engineer,Intel Corporation,"Shanghai, China",https://stackoverflow.com/jobs/540589
Staff Site Reliability Engineer (Traffic),"Wikimedia Foundation, Inc.",No office location,https://stackoverflow.com/jobs/566247
Senior DevSecOps Engineer - REMOTE,MUFG,No office location,https://stackoverflow.com/jobs/559433
Senior Fullstack Engineer,AMBOSS,"Berlin, Germany",https://stackoverflow.com/jobs/557771
Lead Data & Integration Engineer (HProduce) (f/m/d),HeidelbergCement AG,"Heidelberg, Deutschland",https://stackoverflow.com/jobs/537895
"Experienced DevOps Consultant, GitLab/GitHub",Eficode Finland,"Helsinki, Finland",https://stackoverflow.com/jobs/559636
Software Engineer,Intel Corporation,"Hillsboro, OR",https://stackoverflow.com/jobs/530206
Senior iOS engineer - ux + video,SmileDirectClub,No office location,https://stackoverflow.com/jobs/546573
SRE Lead,Electrolux,"Stockholm, Sweden",https://stackoverflow.com/jobs/559156
"Cloud Engineer (Azure, Google Cloud Platform, AWS)",ti&m AG,"Bern, Schweiz",https://stackoverflow.com/jobs/522337
"Site Reliability Engineer, Kubernetes",camunda,No office location,https://stackoverflow.com/jobs/550386
"Director, Shipping Science",eBay,"Bellevue, WA",https://stackoverflow.com/jobs/565970
SRE Lead,Electrolux,"Stockholm, Sweden",https://stackoverflow.com/jobs/559156
"Cloud Engineer (Azure, Google Cloud Platform, AWS)",ti&m AG,"Bern, Schweiz",https://stackoverflow.com/jobs/522337
Software Engineer,Intel Corporation,"Hillsboro, OR",https://stackoverflow.com/jobs/530206
Cloud Data Architect mit Flair für AI,ti&m AG,"Bern, Schweiz",https://stackoverflow.com/jobs/522336
"Report Automation Lead - Jersey City, NJ - Bachelors - Leadership",MUFG,"Jersey City, NJ",https://stackoverflow.com/jobs/566311
Graphics SRIOV Virtualization Developer,Intel Corporation,"Bengaluru, India",https://stackoverflow.com/jobs/539293
Site Reliability Engineer III,"Wikimedia Foundation, Inc.",No office location,https://stackoverflow.com/jobs/566260
Software Engineer,Intel Corporation,"Hillsboro, OR",https://stackoverflow.com/jobs/530570
(Junior) Softwareentwickler - Java / Golang / Cloud - (w/m/d),GoCaspi GmbH,No office location,https://stackoverflow.com/jobs/566363
Senior DevOps Platform Engineer,Blinks Labs GmbH,"Berlin, Germany",https://stackoverflow.com/jobs/565687
Data Analytics Strategist – HConnect (f/m/d),HeidelbergCement AG,"Heidelberg, Deutschland",https://stackoverflow.com/jobs/546689
Software Engineer,Intel Corporation,"Hillsboro, OR",https://stackoverflow.com/jobs/530205
Platform Engineer,SUSE,No office location,https://stackoverflow.com/jobs/555636
Cloud Software Engineer,Intel Corporation,"Hillsboro, OR",https://stackoverflow.com/jobs/530195
Senior Software Engineer (Java)- Database Services,Mimecast,"London, UK",https://stackoverflow.com/jobs/558741
Lead Tech SEO Manager (d/f/m),Stylight,"München, Deutschland",https://stackoverflow.com/jobs/566291
"Cloud Engineer (Azure, Google Cloud Platform, AWS)",ti&m AG,"Zürich, Schweiz",https://stackoverflow.com/jobs/522303
Solution Engineer (m/w/d) - Cloud Azure,Deloitte Deutschland,"Düsseldorf, Deutschland",https://stackoverflow.com/jobs/533750
Senior DevOps Engineer,Higher Logic,"Arlington, VA",https://stackoverflow.com/jobs/529128
Sr. DevOps Engineer,SpaceX,"Hawthorne, CA",https://stackoverflow.com/jobs/562440
Sr. Software Engineer (Full stack Java),MUFG,"Charlotte, NC",https://stackoverflow.com/jobs/559425
DevOps / SRE Engineer (f/m/d),HeidelbergCement AG,"Heidelberg, Deutschland",https://stackoverflow.com/jobs/555115
LEAD INSTRUCTOR - DATA SCIENCE [full time | hybrid],WBS Gruppe,No office location,https://stackoverflow.com/jobs/529936
Senior DevOps Engineer,Higher Logic,"Arlington, VA",https://stackoverflow.com/jobs/529128
Sr. Signal Integrity Engineer,Intel Corporation,"Shanghai, China",https://stackoverflow.com/jobs/543848
"Director, Shipping Science",eBay,"Bellevue, WA",https://stackoverflow.com/jobs/565970
"Informatiker/in, Ingenieur/in, Physiker/in, Mathematiker/in o. ä. (w/m/d)",Deutsches Zentrum für Luft- und Raumfahrt e. V. (DLR),"Darmstadt, Deutschland",https://stackoverflow.com/jobs/566125
Sr. Application Security Engineer,MUFG,"New York, NY",https://stackoverflow.com/jobs/559422
Network Software Engineer,Intel Corporation,"Bengaluru, India",https://stackoverflow.com/jobs/539257
DevOps Engineer (m/w/d) | The Garage,Deloitte Deutschland,"Düsseldorf, Deutschland",https://stackoverflow.com/jobs/545252
Senior Security Engineer,IG Group,"London, UK",https://stackoverflow.com/jobs/555193
"Report Automation Lead - Jersey City, NJ - Bachelors - Leadership",MUFG,"Jersey City, NJ",https://stackoverflow.com/jobs/566311
Data Platform Architect,Octopus Energy,"London, UK",https://stackoverflow.com/jobs/541302
Data Engineer,"Betterup, Inc.",No office location,https://stackoverflow.com/jobs/523557
Senior Data Engineer,Supermetrics Oy,"Helsinki, Finland",https://stackoverflow.com/jobs/546539
DevOps Lead,Which?,"London, UK",https://stackoverflow.com/jobs/556891
Data Analytics Engineer II,Fullscript,No office location,https://stackoverflow.com/jobs/566652
Machine Learning Engineer,"Betterup, Inc.",No office location,https://stackoverflow.com/jobs/523562
"Sr. Software Engineer, Machine Learning Infrastructure",Chan Zuckerberg Initiative,"Redwood City, CA",https://stackoverflow.com/jobs/565330
Cloud Infrastructure Engineer,Relay42,"Amsterdam, Netherlands",https://stackoverflow.com/jobs/407421
"CBT Infrastructure AVP, Tempe, AZ, AWS, Linux, project management, scripting",MUFG,"Tempe, AZ",https://stackoverflow.com/jobs/566299
Ethernet Manageability Applications Engineer,Intel Corporation,"Austin, TX",https://stackoverflow.com/jobs/530200
Lead DevOps / SRE Engineer (f/m/d),HeidelbergCement AG,"Heidelberg, Deutschland",https://stackoverflow.com/jobs/555118
Senior Cloud Software Services Architect,Intel Corporation,"Hillsboro, OR",https://stackoverflow.com/jobs/530190
Data Scientist,AutoTrader,"Toronto, ON, Canada",https://stackoverflow.com/jobs/529015
Hyperscale Cloud Developer Advocate,Intel Corporation,"Hillsboro, OR",https://stackoverflow.com/jobs/528557
Senior DevOps Engineer - Data Operations,"Sailpoint Technologies, Inc.",No office location,https://stackoverflow.com/jobs/557351
AI Solutions Architect,Intel Corporation,"Bengaluru, India",https://stackoverflow.com/jobs/539246
DevOps Engineer,Higher Logic,No office location,https://stackoverflow.com/jobs/566273
AI Solutions Architect,Intel Corporation,"Bengaluru, India",https://stackoverflow.com/jobs/539246
Senior Solutions Architect/Data Architect,Intel Corporation,"Hillsboro, OR",https://stackoverflow.com/jobs/530028
"Sr. Capacity and Performance Engineer - remote, financial services industry",MUFG,No office location,https://stackoverflow.com/jobs/566300
Senior Security Engineer - REMOTE,MUFG,No office location,https://stackoverflow.com/jobs/559444
Cloud Engineer,Olo,No office location,https://stackoverflow.com/jobs/516558
"Cloud Engineer, AVP -Remote",MUFG,No office location,https://stackoverflow.com/jobs/559428
Scala Engineer,Snowplow Analytics,No office location,https://stackoverflow.com/jobs/562416
"Software Engineering Manager, Seattle WA",MSCI,"Seattle, WA",https://stackoverflow.com/jobs/565855
Computer Scientist - Development Programs - Entry/ Mid-Level,National Security Agency,"Fort Meade, MD",https://stackoverflow.com/jobs/565896
Software Engineering Manager,Coda Payments,No office location,https://stackoverflow.com/jobs/566755
Join our Tech Community as Working Student (m/f/d),Motius GmbH,"München, Deutschland",https://stackoverflow.com/jobs/566670
Software Engineers,Lightmatter,No office location,https://stackoverflow.com/jobs/565756
Senior Software Engineers,Lightmatter,No office location,https://stackoverflow.com/jobs/523002
Head of Engineering (m/f/d),VEACT GmbH,"München, Deutschland",https://stackoverflow.com/jobs/538334
Senior Backend Developer (f/m/d),HOMELIKE INTERNET GmbH,"Köln, Deutschland",https://stackoverflow.com/jobs/522556
Senior Front-End Developer,kaliber.ai,No office location,https://stackoverflow.com/jobs/565929
Senior Software Engineer (Go),HENNGE K.K.,"Tokyo, Japan",https://stackoverflow.com/jobs/555512
Senior Software Engineer – Container Ecosystem,SUSE,No office location,https://stackoverflow.com/jobs/554241
Junior Software Engineer im Firmenübergreifenden Trainee-Programm (100%),M&F Engineering AG,"Weiningen, Schweiz",https://stackoverflow.com/jobs/233263
"Software Engineering Manager - Selection Domain, Core Order (w/m/d)",Delivery Hero SE,"Berlin, Germany",https://stackoverflow.com/jobs/562276
Platform Engineer,Octopus Energy,"Houston, TX",https://stackoverflow.com/jobs/531787
Senior DevOps Engineer (Cloud Solutions),Coda Payments,No office location,https://stackoverflow.com/jobs/565675
Sr. Software Engineer,SpaceX,"Hawthorne, CA",https://stackoverflow.com/jobs/562441
Engineering Manager,AMBOSS,"Berlin, Germany",https://stackoverflow.com/jobs/524863
"Interview Engineer (Remote, Israel)",Karat.com,No office location,https://stackoverflow.com/jobs/565628
DevOps Engineer (w/m/d) - bundesweit & Homeoffice,objective partner AG,"Weinheim, Deutschland",https://stackoverflow.com/jobs/550881
Engineering Manager,AMBOSS,"Berlin, Germany",https://stackoverflow.com/jobs/524863
Senior SOC Engineer (Remote - Canada),Open Systems AG,"Vancouver, BC, Canada",https://stackoverflow.com/jobs/548058
Engineering Technical Recruiter,QuantCo,"Berlin, Deutschland",https://stackoverflow.com/jobs/553016
Research Scientist,"Edgestream Partners, L.P.","Princeton, NJ",https://stackoverflow.com/jobs/518607
Lead AI Engineer,Singapore Innovate Pte. Ltd,Singapore,https://stackoverflow.com/jobs/560743
"Interview Engineer (Remote, United Kingdom)",Karat.com,No office location,https://stackoverflow.com/jobs/565630
"Interview Engineer (Remote, South Africa)",Karat.com,No office location,https://stackoverflow.com/jobs/565624
"Interview Engineer (Remote, Canada)",Karat.com,No office location,https://stackoverflow.com/jobs/565626
"Interview Engineer (Remote, Australia)",Karat.com,No office location,https://stackoverflow.com/jobs/565625
"Interview Engineer (Remote, Germany)",Karat.com,No office location,https://stackoverflow.com/jobs/565627
"Interview Engineer (Remote, Mexico)",Karat.com,No office location,https://stackoverflow.com/jobs/565629
Senior SOC Engineer,Open Systems AG,"Zürich, Switzerland",https://stackoverflow.com/jobs/548049
"Tech Lead Engineering Manager, Trust and Safety Engineering",ByteDance,Singapore,https://stackoverflow.com/jobs/546397
Data Corn (m/w/d),Breuninger GmbH & Co.,"Stuttgart, Deutschland",https://stackoverflow.com/jobs/432950
Scientific Applications Developer,DownUnder GeoSolutions Pty Ltd,"West Perth, Australia",https://stackoverflow.com/jobs/352726
Backend Developer with Cloud experience,Accenture Romania,No office location,https://stackoverflow.com/jobs/534721
Senior Security Engineer,Open Systems AG,"Noida, India",https://stackoverflow.com/jobs/548050
Machine Learning Technical Lead - E-commerce Risk Management,ByteDance,Singapore,https://stackoverflow.com/jobs/525174
